{
    "eval_loss": 2.046314001083374,
    "eval_wer": 5.443839346494213,
    "eval_runtime": 21.5789,
    "eval_samples_per_second": 9.268,
    "eval_steps_per_second": 9.268,
    "epoch": 1.0
}