{
    "eval_loss": 0.6966642141342163,
    "eval_runtime": 223.336,
    "eval_samples_per_second": 2.239,
    "eval_steps_per_second": 0.282,
    "epoch": 1.0,
    "wer": 0.9617278855413399
}