{
  "ndebele_results": {
    "wer": 0.96264012616683,
    "cer": 0.926729349140218
  },
  "ndebele_nguni_multilingual_nr_ss_whisper_results": {
    "wer": 0.9578137436985938,
    "cer": 0.939033929903898
  },
  "ndebele_nguni_multilingual_xh_nr_ss_whisper_results": {
    "wer": 0.9916572398190046,
    "cer": 0.9506547351539024
  },
  "ndebele_nguni_multilingual_xh_nr_whisper_results": {
    "wer": 0.9920596697909334,
    "cer": 0.9474262241626058
  },
  "ndebele_nguni_multilingual_zu_nr_ss_whisper_results": {
    "wer": 0.9869321831696797,
    "cer": 0.9368634539923284
  },
  "ndebele_nguni_multilingual_zu_nr_whisper_results": {
    "wer": 0.9836399691528038,
    "cer": 0.9079770754526545
  },
  "ndebele_nguni_multilingual_zu_xh_nr_ss_whisper_results": {
    "wer": 0.9862048113082752,
    "cer": 0.9375773154470238
  },
  "ndebele_nguni_multilingual_zu_xh_nr_whisper_results": {
    "wer": 0.9865912615160084,
    "cer": 0.9333429434659434
  }
}