{
  "ndebele_results": {
    "wer": 0.18390905886499823,
    "cer": 0.03903240607360457
  },
  "ndebele_nguni_multilingual_nr_ss_whisper_results": {
    "wer": 0.2062263653152757,
    "cer": 0.04206549924768704
  },
  "ndebele_nguni_multilingual_xh_nr_ss_whisper_results": {
    "wer": 0.23395958879829848,
    "cer": 0.048022417591820146
  },
  "ndebele_nguni_multilingual_xh_nr_whisper_results": {
    "wer": 0.2079251610625717,
    "cer": 0.04301914218227291
  },
  "ndebele_nguni_multilingual_zu_nr_ss_whisper_results": {
    "wer": 0.2319084781837531,
    "cer": 0.04828603810705045
  },
  "ndebele_nguni_multilingual_zu_nr_whisper_results": {
    "wer": 0.21021314387211368,
    "cer": 0.04380202426550831
  },
  "ndebele_nguni_multilingual_zu_xh_nr_ss_whisper_results": {
    "wer": 0.26412092283214,
    "cer": 0.05439267922430566
  },
  "ndebele_nguni_multilingual_zu_xh_nr_whisper_results": {
    "wer": 0.23106262196203656,
    "cer": 0.047446740177711166
  }
}