{
  "ndebele_results": {
    "wer": 0.26632762312633834,
    "cer": 0.0658578251926228
  },
  "ndebele_nguni_multilingual_nr_ss_whisper_results": {
    "wer": 0.30746898917920296,
    "cer": 0.07382363192750087
  },
  "ndebele_nguni_multilingual_xh_nr_ss_whisper_results": {
    "wer": 0.33134003805381895,
    "cer": 0.07942402690677224
  },
  "ndebele_nguni_multilingual_xh_nr_whisper_results": {
    "wer": 0.2893387314439946,
    "cer": 0.06909714926104923
  },
  "ndebele_nguni_multilingual_zu_nr_ss_whisper_results": {
    "wer": 0.3291036717062635,
    "cer": 0.07785145423288777
  },
  "ndebele_nguni_multilingual_zu_nr_whisper_results": {
    "wer": 0.29627616200054363,
    "cer": 0.06949617033237299
  },
  "ndebele_nguni_multilingual_zu_xh_nr_ss_whisper_results": {
    "wer": 0.36923076923076925,
    "cer": 0.0889762121956354
  },
  "ndebele_nguni_multilingual_zu_xh_nr_whisper_results": {
    "wer": 0.33297062023939067,
    "cer": 0.078177727784027
  }
}