{
  "siswati_results": {
    "wer": 0.18680582152432018,
    "cer": 0.040127514514083605
  },
  "siswati_nguni_multilingual_nr_ss_whisper_results": {
    "wer": 0.2085453672587614,
    "cer": 0.041708413915231723
  },
  "siswati_nguni_multilingual_xh_nr_ss_whisper_results": {
    "wer": 0.2328118964851294,
    "cer": 0.04711974713957476
  },
  "siswati_nguni_multilingual_xh_ss_whisper_results": {
    "wer": 0.2150599520383693,
    "cer": 0.0431241406632332
  },
  "siswati_nguni_multilingual_zu_nr_ss_whisper_results": {
    "wer": 0.23276364342590794,
    "cer": 0.04758234057463209
  },
  "siswati_nguni_multilingual_zu_ss_whisper_results": {
    "wer": 0.2057660784880918,
    "cer": 0.04148191365227538
  },
  "siswati_nguni_multilingual_zu_xh_nr_ss_whisper_results": {
    "wer": 0.260411633974297,
    "cer": 0.05215787446155283
  },
  "siswati_nguni_multilingual_zu_xh_ss_whisper_results": {
    "wer": 0.23767334360554698,
    "cer": 0.04853530105430303
  }
}