{
  "siswati_results": {
    "wer": 0.3066453162530024,
    "cer": 0.07736754124573007
  },
  "siswati_nguni_multilingual_nr_ss_whisper_results": {
    "wer": 0.3302727518228463,
    "cer": 0.08088879159369528
  },
  "siswati_nguni_multilingual_xh_nr_ss_whisper_results": {
    "wer": 0.35138850701127305,
    "cer": 0.08553330160008787
  },
  "siswati_nguni_multilingual_xh_ss_whisper_results": {
    "wer": 0.3342406096897115,
    "cer": 0.0821197853936275
  },
  "siswati_nguni_multilingual_zu_nr_ss_whisper_results": {
    "wer": 0.35522305347741756,
    "cer": 0.08927783497573173
  },
  "siswati_nguni_multilingual_zu_ss_whisper_results": {
    "wer": 0.31561733442354867,
    "cer": 0.07707199474011031
  },
  "siswati_nguni_multilingual_zu_xh_nr_ss_whisper_results": {
    "wer": 0.39424657534246577,
    "cer": 0.09804711830872385
  },
  "siswati_nguni_multilingual_zu_xh_ss_whisper_results": {
    "wer": 0.3546717515663307,
    "cer": 0.08639261376126621
  }
}