{
  "xhosa_results": {
    "wer": 0.2977667493796526,
    "cer": 0.07893772147774021
  },
  "xhosa_nguni_multilingual_xh_nr_ss_whisper_results": {
    "wer": 0.3340092699884125,
    "cer": 0.08430556128127963
  },
  "xhosa_nguni_multilingual_xh_nr_whisper_results": {
    "wer": 0.3026697620429483,
    "cer": 0.07638058316492762
  },
  "xhosa_nguni_multilingual_xh_ss_whisper_results": {
    "wer": 0.3072340425531915,
    "cer": 0.07775271683411934
  },
  "xhosa_nguni_multilingual_zu_xh_nr_ss_whisper_results": {
    "wer": 0.37716466099207513,
    "cer": 0.09384723893291291
  },
  "xhosa_nguni_multilingual_zu_xh_nr_whisper_results": {
    "wer": 0.3100798108187999,
    "cer": 0.07705109003161924
  },
  "xhosa_nguni_multilingual_zu_xh_ss_whisper_results": {
    "wer": 0.3260431654676259,
    "cer": 0.08222910216718267
  },
  "xhosa_nguni_multilingual_zu_xh_whisper_results": {
    "wer": 0.3066211992043194,
    "cer": 0.07640689967477667
  }
}