{
  "xhosa_results": {
    "wer": 0.24146292180238432,
    "cer": 0.054086027222458526
  },
  "xhosa_nguni_multilingual_xh_nr_ss_whisper_results": {
    "wer": 0.28770688039970854,
    "cer": 0.05986541986060387
  },
  "xhosa_nguni_multilingual_xh_nr_whisper_results": {
    "wer": 0.25553028736820343,
    "cer": 0.054051527252814764
  },
  "xhosa_nguni_multilingual_xh_ss_whisper_results": {
    "wer": 0.2634485579873185,
    "cer": 0.05706971038455384
  },
  "xhosa_nguni_multilingual_zu_xh_nr_ss_whisper_results": {
    "wer": 0.33232312676350717,
    "cer": 0.0684518222532114
  },
  "xhosa_nguni_multilingual_zu_xh_nr_whisper_results": {
    "wer": 0.28240208877284595,
    "cer": 0.05903969957081545
  },
  "xhosa_nguni_multilingual_zu_xh_ss_whisper_results": {
    "wer": 0.2831144659290663,
    "cer": 0.059537347979074964
  },
  "xhosa_nguni_multilingual_zu_xh_whisper_results": {
    "wer": 0.25017891831101113,
    "cer": 0.054174174174174174
  }
}