{
  "zulu_results": {
    "wer": 0.2703587505115264,
    "cer": 0.06840936332228724
  },
  "zulu_nguni_multilingual_zu_nr_ss_whisper_results": {
    "wer": 0.37019653857436197,
    "cer": 0.10782771376334027
  },
  "zulu_nguni_multilingual_zu_nr_whisper_results": {
    "wer": 0.34683468346834684,
    "cer": 0.09816529492455418
  },
  "zulu_nguni_multilingual_zu_ss_whisper_results": {
    "wer": 0.34586247086247085,
    "cer": 0.09997871887635668
  },
  "zulu_nguni_multilingual_zu_xh_nr_ss_whisper_results": {
    "wer": 0.4163265306122449,
    "cer": 0.11919938806731259
  },
  "zulu_nguni_multilingual_zu_xh_nr_whisper_results": {
    "wer": 0.3621046408513154,
    "cer": 0.1058542209317221
  },
  "zulu_nguni_multilingual_zu_xh_ss_whisper_results": {
    "wer": 0.37341407151095735,
    "cer": 0.11004337103495195
  },
  "zulu_nguni_multilingual_zu_xh_whisper_results": {
    "wer": 0.34402749928387283,
    "cer": 0.09859333954749598
  }
}