{
  "zulu_results": {
    "wer": 0.21428571428571427,
    "cer": 0.04684474455091604
  },
  "zulu_nguni_multilingual_zu_nr_ss_whisper_results": {
    "wer": 0.2684641208560638,
    "cer": 0.0569324176371056
  },
  "zulu_nguni_multilingual_zu_nr_whisper_results": {
    "wer": 0.23740401809193226,
    "cer": 0.050862433730741466
  },
  "zulu_nguni_multilingual_zu_ss_whisper_results": {
    "wer": 0.23698402820991496,
    "cer": 0.050387596899224806
  },
  "zulu_nguni_multilingual_zu_xh_nr_ss_whisper_results": {
    "wer": 0.30029003521856223,
    "cer": 0.062228618217006176
  },
  "zulu_nguni_multilingual_zu_xh_nr_whisper_results": {
    "wer": 0.2535167239762426,
    "cer": 0.05324361972041192
  },
  "zulu_nguni_multilingual_zu_xh_ss_whisper_results": {
    "wer": 0.2648090815273478,
    "cer": 0.05528093795022107
  },
  "zulu_nguni_multilingual_zu_xh_whisper_results": {
    "wer": 0.24127698761895017,
    "cer": 0.050945781788432454
  }
}