{
    "eval_loss": 1.542350172996521,
    "eval_wer": 4.033268101761252,
    "eval_runtime": 54.8919,
    "eval_samples_per_second": 3.644,
    "eval_steps_per_second": 3.644,
    "epoch": 1.0
}