{
    "eval_loss": 0.6199244856834412,
    "eval_runtime": 128.9019,
    "eval_samples_per_second": 3.879,
    "eval_steps_per_second": 0.489,
    "epoch": 1.0,
    "wer": 0.9352004393190555
}