{
    "eval_loss": 1.7491265535354614,
    "eval_wer": 1.33529028049576,
    "eval_runtime": 39.6812,
    "eval_samples_per_second": 5.04,
    "eval_steps_per_second": 5.04,
    "epoch": 1.0
}