{
    "eval_loss": 2.461782932281494,
    "eval_wer": 2.2729748127978215,
    "eval_runtime": 21.837,
    "eval_samples_per_second": 9.159,
    "eval_steps_per_second": 9.159,
    "epoch": 1.0
}