{
    "eval_loss": 2.0750503540039062,
    "eval_wer": 1.047651463580667,
    "eval_runtime": 29.3305,
    "eval_samples_per_second": 6.819,
    "eval_steps_per_second": 6.819,
    "epoch": 1.0
}