{
    "eval_loss": 0.7152621746063232,
    "eval_runtime": 212.3326,
    "eval_samples_per_second": 2.355,
    "eval_steps_per_second": 0.297,
    "epoch": 1.0,
    "wer": 0.9640681407942239
}