{
    "eval_loss": 0.702190101146698,
    "eval_runtime": 215.6785,
    "eval_samples_per_second": 2.318,
    "eval_steps_per_second": 0.292,
    "epoch": 1.0,
    "wer": 0.9620493859764955
}