{
    "eval_loss": 1.0150818824768066,
    "eval_runtime": 126.2832,
    "eval_samples_per_second": 3.959,
    "eval_steps_per_second": 0.499,
    "epoch": 1.0,
    "wer": 0.9598375451263538
}