{
    "eval_loss": 0.9537389278411865,
    "eval_runtime": 130.8757,
    "eval_samples_per_second": 3.82,
    "eval_steps_per_second": 0.481,
    "epoch": 1.0,
    "wer": 0.9588995022198304
}