{
    "eval_loss": 1.671840786933899,
    "eval_wer": 4.437031994554118,
    "eval_runtime": 25.2786,
    "eval_samples_per_second": 7.912,
    "eval_steps_per_second": 7.912,
    "epoch": 1.0
}