{
    "eval_loss": 0.8061332106590271,
    "eval_runtime": 15.6488,
    "eval_samples_per_second": 6.39,
    "eval_steps_per_second": 0.831,
    "epoch": 1.0,
    "wer": 0.9157004073958007
}