{
  "ndebele_results": {
    "wer": 0.9961881271371714,
    "cer": 0.5538006983615364
  },
  "ndebele_nguni_multilingual_nbl_ssw_wav2vec2": {
    "wer": 0.9990648379052369,
    "cer": 0.5433442892358258
  },
  "ndebele_nguni_multilingual_xh_nbl_ssw_wav2vec2": {
    "wer": 1.0012634618855665,
    "cer": 0.6269130724094126
  },
  "ndebele_nguni_multilingual_xh_nbl_wav2vec2": {
    "wer": 0.9999453880181312,
    "cer": 0.571062774588286
  },
  "ndebele_nguni_multilingual_zu_nbl_ssw_wav2vec2": {
    "wer": 0.9972324304704868,
    "cer": 0.564252709579882
  },
  "ndebele_nguni_multilingual_zu_nbl_wav2vec2": {
    "wer": 1.8638799571275455,
    "cer": 7.862047633776678
  },
  "ndebele_nguni_multilingual_zu_xh_nbl_ssw_wav2vec2": {
    "wer": 0.9987229967010748,
    "cer": 0.5772006154825702
  },
  "ndebele_nguni_multilingual_zu_xh_nbl_wav2vec2": {
    "wer": 0.996980059510592,
    "cer": 0.5878491059931181
  }
}