{
  "ndebele_results": {
    "wer": 0.13696734919756504,
    "cer": 0.03221406767552121
  },
  "ndebele_nguni_multilingual_nbl_ssw_wav2vec2": {
    "wer": 0.12736676826452387,
    "cer": 0.029909254326121328
  },
  "ndebele_nguni_multilingual_xh_nbl_ssw_wav2vec2": {
    "wer": 0.1425669436749769,
    "cer": 0.032920250449552615
  },
  "ndebele_nguni_multilingual_xh_nbl_wav2vec2": {
    "wer": 0.15271346545656603,
    "cer": 0.03560386630650568
  },
  "ndebele_nguni_multilingual_zu_nbl_ssw_wav2vec2": {
    "wer": 0.13516757455451944,
    "cer": 0.031071366707084706
  },
  "ndebele_nguni_multilingual_zu_nbl_wav2vec2": {
    "wer": 0.15310561880958992,
    "cer": 0.036012253943423285
  },
  "ndebele_nguni_multilingual_zu_xh_nbl_ssw_wav2vec2": {
    "wer": 0.1471708631422466,
    "cer": 0.03369689076998209
  },
  "ndebele_nguni_multilingual_zu_xh_nbl_wav2vec2": {
    "wer": 0.1347629170903041,
    "cer": 0.030554111428818993
  }
}