{
  "ndebele_results": {
    "wer": 0.15098078066177928,
    "cer": 0.03761275871776355
  },
  "ndebele_nguni_multilingual_nbl_ssw_wav2vec2": {
    "wer": 0.1509771743995226,
    "cer": 0.036650369444546554
  },
  "ndebele_nguni_multilingual_xh_nbl_ssw_wav2vec2": {
    "wer": 0.17729231683756874,
    "cer": 0.04256610157025705
  },
  "ndebele_nguni_multilingual_xh_nbl_wav2vec2": {
    "wer": 0.19444444444444445,
    "cer": 0.048108507104631854
  },
  "ndebele_nguni_multilingual_zu_nbl_ssw_wav2vec2": {
    "wer": 0.17978533094812166,
    "cer": 0.044990979713559885
  },
  "ndebele_nguni_multilingual_zu_nbl_wav2vec2": {
    "wer": 0.19368358030234994,
    "cer": 0.049925084626625475
  },
  "ndebele_nguni_multilingual_zu_xh_nbl_ssw_wav2vec2": {
    "wer": 0.18926553672316385,
    "cer": 0.04779465997934799
  },
  "ndebele_nguni_multilingual_zu_xh_nbl_wav2vec2": {
    "wer": 0.17016213000148744,
    "cer": 0.04223719081272085
  }
}