{
  "siswati_results": {
    "wer": 0.9957399222535811,
    "cer": 0.51358251127745
  },
  "siswati_nguni_multilingual_nbl_ssw_wav2vec2": {
    "wer": 0.9988406757204372,
    "cer": 0.5672907488986784
  },
  "siswati_nguni_multilingual_xh_nbl_ssw_wav2vec2": {
    "wer": 1.0012669453946534,
    "cer": 0.6310015033745962
  },
  "siswati_nguni_multilingual_xh_ssw_wav2vec2": {
    "wer": 1.0313378867014866,
    "cer": 2.140099166578753
  },
  "siswati_nguni_multilingual_zu_nbl_ssw_wav2vec2": {
    "wer": 0.9971574484486414,
    "cer": 0.5697890678158313
  },
  "siswati_nguni_multilingual_zu_ssw_wav2vec2": {
    "wer": 1.1986051145798737,
    "cer": 4.072681251129994
  },
  "siswati_nguni_multilingual_zu_xh_nbl_ssw_wav2vec2": {
    "wer": 0.9989122344993416,
    "cer": 0.5917824669754674
  },
  "siswati_nguni_multilingual_zu_xh_ssw_wav2vec2": {
    "wer": 1.0056895766954939,
    "cer": 1.0906400510648175
  }
}