{
  "siswati_results": {
    "wer": 0.13141978472578164,
    "cer": 0.030402111621049627
  },
  "siswati_nguni_multilingual_nbl_ssw_wav2vec2": {
    "wer": 0.12329609511120221,
    "cer": 0.02647827119449062
  },
  "siswati_nguni_multilingual_xh_nbl_ssw_wav2vec2": {
    "wer": 0.12948757287511506,
    "cer": 0.027560738119552567
  },
  "siswati_nguni_multilingual_xh_ssw_wav2vec2": {
    "wer": 0.12534590550374092,
    "cer": 0.026887783568181008
  },
  "siswati_nguni_multilingual_zu_nbl_ssw_wav2vec2": {
    "wer": 0.12786650286650286,
    "cer": 0.027562047262795392
  },
  "siswati_nguni_multilingual_zu_ssw_wav2vec2": {
    "wer": 0.143666907142121,
    "cer": 0.032499493498909536
  },
  "siswati_nguni_multilingual_zu_xh_nbl_ssw_wav2vec2": {
    "wer": 0.13931729385153196,
    "cer": 0.030435351648482396
  },
  "siswati_nguni_multilingual_zu_xh_ssw_wav2vec2": {
    "wer": 0.130568356374808,
    "cer": 0.027922340248568236
  }
}