{
  "xhosa_results": {
    "wer": 0.18059474712394183,
    "cer": 0.042617850815917964
  },
  "xhosa_nguni_multilingual_xh_nbl_ssw_wav2vec2": {
    "wer": 0.19137986490833064,
    "cer": 0.0457394149263878
  },
  "xhosa_nguni_multilingual_xh_nbl_wav2vec2": {
    "wer": 0.212635320730328,
    "cer": 0.05116547131147541
  },
  "xhosa_nguni_multilingual_xh_ssw_wav2vec2": {
    "wer": 0.1704,
    "cer": 0.03910981239147927
  },
  "xhosa_nguni_multilingual_zu_xh_nbl_ssw_wav2vec2": {
    "wer": 0.20593452668924367,
    "cer": 0.04999253524431079
  },
  "xhosa_nguni_multilingual_zu_xh_nbl_wav2vec2": {
    "wer": 0.18149751483084817,
    "cer": 0.04478532828390281
  },
  "xhosa_nguni_multilingual_zu_xh_ssw_wav2vec2": {
    "wer": 0.19039231385108085,
    "cer": 0.04490801716446446
  },
  "xhosa_nguni_multilingual_zu_xh_wav2vec2": {
    "wer": 0.21399577853547655,
    "cer": 0.051505901940276204
  }
}