{
  "xhosa_results": {
    "wer": 0.9976123423533734,
    "cer": 0.5662415329224385
  },
  "xhosa_nguni_multilingual_xh_nbl_ssw_wav2vec2": {
    "wer": 0.9988717297792822,
    "cer": 0.6192321365090651
  },
  "xhosa_nguni_multilingual_xh_nbl_wav2vec2": {
    "wer": 0.9988185100098458,
    "cer": 0.575947507589854
  },
  "xhosa_nguni_multilingual_xh_ssw_wav2vec2": {
    "wer": 1.0443121693121693,
    "cer": 2.0849976776590804
  },
  "xhosa_nguni_multilingual_zu_xh_nbl_ssw_wav2vec2": {
    "wer": 0.9981270989408422,
    "cer": 0.5859526581296081
  },
  "xhosa_nguni_multilingual_zu_xh_nbl_wav2vec2": {
    "wer": 0.9948947697436966,
    "cer": 0.5975945189037808
  },
  "xhosa_nguni_multilingual_zu_xh_ssw_wav2vec2": {
    "wer": 1.0024560972614516,
    "cer": 1.030388471177945
  },
  "xhosa_nguni_multilingual_zu_xh_wav2vec2": {
    "wer": 1.4587973273942094,
    "cer": 5.167917917917918
  }
}