{
  "xhosa_results": {
    "wer": 0.16990554771468896,
    "cer": 0.04087297267878524
  },
  "xhosa_nguni_multilingual_xh_nbl_ssw_wav2vec2": {
    "wer": 0.16762879860581636,
    "cer": 0.03752074660571926
  },
  "xhosa_nguni_multilingual_xh_nbl_wav2vec2": {
    "wer": 0.18019197207678883,
    "cer": 0.04121575575848439
  },
  "xhosa_nguni_multilingual_xh_ssw_wav2vec2": {
    "wer": 0.15452274948420025,
    "cer": 0.03463068297517071
  },
  "xhosa_nguni_multilingual_zu_xh_nbl_ssw_wav2vec2": {
    "wer": 0.16744845641976655,
    "cer": 0.038179688351313065
  },
  "xhosa_nguni_multilingual_zu_xh_nbl_wav2vec2": {
    "wer": 0.15769398430688752,
    "cer": 0.03507936723840096
  },
  "xhosa_nguni_multilingual_zu_xh_ssw_wav2vec2": {
    "wer": 0.16284654005675617,
    "cer": 0.036831208455922415
  },
  "xhosa_nguni_multilingual_zu_xh_wav2vec2": {
    "wer": 0.1793293018141836,
    "cer": 0.042065896868943305
  }
}