{
  "zulu_results": {
    "wer": 0.1586671080216264,
    "cer": 0.04105751107941521
  },
  "zulu_nguni_multilingual_zu_nbl_ssw_wav2vec2": {
    "wer": 0.16067886268459333,
    "cer": 0.0389801297648013
  },
  "zulu_nguni_multilingual_zu_nbl_wav2vec2": {
    "wer": 0.1742743186350543,
    "cer": 0.04417001577046345
  },
  "zulu_nguni_multilingual_zu_ssw_wav2vec2": {
    "wer": 0.1727434415295687,
    "cer": 0.042617902318597134
  },
  "zulu_nguni_multilingual_zu_xh_nbl_ssw_wav2vec2": {
    "wer": 0.1599121361889072,
    "cer": 0.03863374047157008
  },
  "zulu_nguni_multilingual_zu_xh_nbl_wav2vec2": {
    "wer": 0.15404096014093813,
    "cer": 0.03870673375495875
  },
  "zulu_nguni_multilingual_zu_xh_ssw_wav2vec2": {
    "wer": 0.15505840864007053,
    "cer": 0.03756386363924492
  },
  "zulu_nguni_multilingual_zu_xh_wav2vec2": {
    "wer": 0.17392753945321182,
    "cer": 0.04367351092791899
  }
}