{
  "zulu_results": {
    "wer": 0.22567402640630202,
    "cer": 0.06540178571428572
  },
  "zulu_nguni_multilingual_zu_nbl_ssw_wav2vec2": {
    "wer": 0.2550312869947573,
    "cer": 0.0755486679277103
  },
  "zulu_nguni_multilingual_zu_nbl_wav2vec2": {
    "wer": 0.28537333787930447,
    "cer": 0.08699444520956709
  },
  "zulu_nguni_multilingual_zu_ssw_wav2vec2": {
    "wer": 0.2696840307429547,
    "cer": 0.08296432258804634
  },
  "zulu_nguni_multilingual_zu_xh_nbl_ssw_wav2vec2": {
    "wer": 0.2614756885413125,
    "cer": 0.07838127609097338
  },
  "zulu_nguni_multilingual_zu_xh_nbl_wav2vec2": {
    "wer": 0.24246528953606503,
    "cer": 0.07298370532657812
  },
  "zulu_nguni_multilingual_zu_xh_ssw_wav2vec2": {
    "wer": 0.2481038260576437,
    "cer": 0.07264908648267389
  },
  "zulu_nguni_multilingual_zu_xh_wav2vec2": {
    "wer": 0.2712300566134843,
    "cer": 0.08263893671234764
  }
}