{
  "zulu_results": {
    "wer": 1.00709830070983,
    "cer": 0.8141780256092523
  },
  "zulu_nguni_multilingual_zu_nbl_ssw_wav2vec2": {
    "wer": 0.9943549726050142,
    "cer": 0.5709620960789948
  },
  "zulu_nguni_multilingual_zu_nbl_wav2vec2": {
    "wer": 1.8948640483383685,
    "cer": 7.352732434350603
  },
  "zulu_nguni_multilingual_zu_ssw_wav2vec2": {
    "wer": 1.2486640541503384,
    "cer": 3.761328125
  },
  "zulu_nguni_multilingual_zu_xh_nbl_ssw_wav2vec2": {
    "wer": 1.0004006945371977,
    "cer": 0.593285323731413
  },
  "zulu_nguni_multilingual_zu_xh_nbl_wav2vec2": {
    "wer": 0.9927567106945037,
    "cer": 0.5964034441594067
  },
  "zulu_nguni_multilingual_zu_xh_ssw_wav2vec2": {
    "wer": 1.0097222222222222,
    "cer": 1.0295328786513962
  },
  "zulu_nguni_multilingual_zu_xh_wav2vec2": {
    "wer": 1.4386117136659435,
    "cer": 4.81800533851007
  }
}